{
  "class_counts": {
    "0": 490,
    "1": 510
  },
  "missing_values": 0,
  "missing_ratio": 0.0,
  "feature_mean_head": [
    31.598,
    -65.01226209319,
    -65.01226209319,
    0.351,
    0.435
  ],
  "feature_std_head": [
    12.39356268390974,
    14.582712901678846,
    14.582712901678846,
    0.47728293495577645,
    0.4957569969249047
  ]
}