{
  "class_counts": {
    "0": 241,
    "1": 15
  },
  "missing_values": 0,
  "missing_ratio": 0.0,
  "feature_mean_head": [
    4220.64453125,
    0.98046875,
    -1.10058689453125,
    6.270409321279759,
    14.005446520375052
  ],
  "feature_std_head": [
    2451.584711222155,
    0.8170601448323358,
    12.804368450991966,
    2.2643247213776125,
    3.6682162158630502
  ]
}