{
  "class_counts": {
    "Bandwidth switch": 351,
    "Frequency drift": 435,
    "missing": 214
  },
  "missing_values": 0,
  "missing_ratio": 0.0,
  "feature_mean_head": [
    31.598,
    -65.01226209319,
    -65.01226209319,
    1.0313999999999999,
    1.241491432407414e-05
  ],
  "feature_std_head": [
    12.39356268390974,
    14.582712901678846,
    14.582712901678846,
    0.05524166905516162,
    2.6979005089779733e-05
  ]
}