{
  "class_counts": {
    "Long": 326,
    "Medium": 342,
    "Short": 332
  },
  "missing_values": 0,
  "missing_ratio": 0.0,
  "feature_mean_head": [
    31.598,
    8.437,
    1.0313999999999999,
    1.241491432407414e-05,
    1.089063687616565e-06
  ],
  "feature_std_head": [
    12.39356268390974,
    3.4833936039442914,
    0.05524166905516162,
    2.6979005089779733e-05,
    2.3666578763784855e-06
  ]
}