{
  "class_counts": {
    "0": 361,
    "1": 23
  },
  "missing_values": 0,
  "missing_ratio": 0.0,
  "feature_mean_head": [
    0.984375,
    -1.0625404036458332,
    6.210426832906566,
    14.200366652125451,
    13.158194804687499
  ],
  "feature_std_head": [
    0.8290089621801443,
    13.018227055391804,
    2.194137301846278,
    3.5123289519288448,
    3.8753139243070223
  ]
}